{
  "meta": {
    "version": "21.16.0.0",
    "template": "ind_orig_sc",
    "uuid": "ccd35086d1b64c07",
    "date": "2021-09-28T06:25:47+03",
    "client": "homer",
    "name": "Карта рефинансирования нескольких договоров"
  },
  "content": {
    "common": {
      "documentBarCode": "RPC002331225523",
      "signEnabled": false,
      "isOneYearCredit": false,
      "sellerPlace": {
        "code": "102628"
      },
      "creditContract": {
        "contractNumber": "2331225523",
        "signDate": "2021-09-28T06:25:46+03",
        "amount": 252000,
        "loanAmount": 252000,
        "repaymentType": "n",
        "status": "s",
        "interestRate": {
          "eirPerc": 22.871,
          "eirRub": 64365.79,
          "productType": "n",
          "standardRate": 22.9
        },
        "paymentInfo": {
          "annuityDay": 28,
          "annuity": 13281.13,
          "paymentNum": 24,
          "periodStartDay": 25,
          "firstPaymentDeferment": 0
        },
        "insurances": {
          "life": {
            "company": "ООО «СК Ренессанс Жизнь»",
            "premium": 38586,
            "code": "REN_ACTIVplus_OWN"
          }
        },
        "services": {
          "sms": {
            "payment": 99
          },
          "nameCard": {
            "isSelectedNamedCard": false
          },
          "stretchPayment": {
            "amount": 252000
          }
        }
      },
      "client": {
        "surname": "Белкина",
        "firstName": "Серафима",
        "patronymic": "Пднович",
        "accountNumber": "42301810140030027634",
        "monthIncome": 100000,
        "password": "шсицьы",
        "documents": {
          "passport": {
            "documentNumber": "9712838075",
            "issuedDate": "2021-09-27T00:00:00+03",
            "issuer": "ОВД ОРЕХОВО-БОРИСОВО СЕВЕРНОЕ ГОРОДА МОСКВЫ",
            "issuerCode": "770-002"
          }
        },
        "contactAddress": {
          "taxCode": "249034",
          "regionType": "обл",
          "region": "Калужская",
          "townType": "г",
          "town": "Обнинск",
          "streetType": "ул",
          "street": "Борисоглебская",
          "streetNum": "72",
          "apartmentNum": "78"
        },
        "contacts": {
          "mobilePhone": "9366186642",
          "email": "9366186642@test.ru"
        }
      },
      "employer": {
        "employmentStartDate": "2020-09-01T00:00:00+03"
      },
      "bank": {
        "bik": "044525245",
        "correspondentAccountNumber": "30101810845250000245"
      },
      "employee": {
        "surname": "Елизавета",
        "firstName": "Бухарина",
        "patronymic": "Игоревна",
        "code": "380841"
      },
      "product": {
        "prodCode": "22,9КЛА_24"
      },
      "otherBankContract": {
        "bik": "044525245",
        "clientAccountNumber": "40817810650030104847"
      },
      "cardContract": {
        "accountNumber": "40817810650030104847",
        "contractNumber": "2693646587",
        "nncNumber": "4063640229442370",
        "interestRate": {
          "paymentRate": 19,
          "eirPerc": 55.72
        },
        "cashNncTariffPlan": "Карта Хоум Кредит",
        "nncSupplementExist": true
      },
      "courtOffice": {
        "office": "Судебный участок № 7  г. Калуга"
      }
    }
  }
}